route,voyage_idx,sh_base,eta_h,L_nm,oracle_sr,oracle_luo,naive_mt,rh_sr_mt,rh_luo_mt,rh_sr_vs_naive_pct,rh_luo_vs_naive_pct,rh_sr_vs_oracle_mt,rh_luo_vs_oracle_mt,sr_gates_ok,luo_gates_ok,arrival_h,rh_runtime_min
route1,0,6,280,3393.24,354.914,361.671,362.743,358.859,362.565,-1.0707,-0.049003,3.94494,0.894057,True,True,280,nan
route1,1,286,280,3393.24,355.228,364.678,367.034,358.726,367.719,-2.26371,0.186536,3.49774,3.04099,True,False,280,nan
route1,2,566,280,3393.24,338.25,343.325,345.423,342.82,344.514,-0.753555,-0.263055,4.56958,1.18887,True,True,280,nan
route1,3,846,280,3393.24,348.528,353.302,354.735,350.33,354.358,-1.24162,-0.106048,1.8022,1.05649,True,True,280,nan
route1,4,1126,280,3393.24,337.606,340.889,342.677,341.55,341.694,-0.328922,-0.286867,3.9438,0.804908,True,True,280,8.9
route1,5,1406,280,3393.24,335.233,344.184,346.186,344.111,346.573,-0.599387,0.111653,8.87819,2.38871,True,False,280,9.2
route1,6,1686,280,3393.24,347.23,353.323,356.032,349.321,355.097,-1.88494,-0.262735,2.09131,1.77387,True,True,280,10.8
